"D_ID";"D_Name";"D_Age";"D_PNo";"D_Email";"D_Add"
"D_101";"Prakhar";45;1234567890;"prakhar@yash.com";"ABC"
"D_102";"Shaney";30;1234567890;"shaney@yash.com";"ABC"
"D_103";"Snighda";55;1234567890;"snighda@yash.com";"ABC"
"D_104";"Bhaskar";32;1234567890;"bhaskar@yash.com";"ABC"
"D_105";"Manak";44;1234567890;"manak@yash.com";"ABC"
"D_106";"Anjali";44;1234567890;"anjali@yash.com";"ABC"
"D_107";"Neha";33;1234567890;"neha@yash.com";"ABC"
"D_108";"Sudhir";33;1234567890;"sudhir@yash.com";"ABC"
"D_109";"Aman";55;1234567890;"aman@yash.com";"ABC"
"D_110";"Chhavi";39;1234567890;"chhavi@yash.com";"ABC"
